ROI_Image_Label,Yeo_7_Network,Yeo_17_Network,Yeo_7_Network_Sensorimotor,Yeo_7_Network_Cognitive,Yeo_7_Network_PriCognitive,Yeo_17_Network_Sensorimotor,Yeo_17_Network_Cognitive,Yeo_17_Network_PriCognitive
1,3,5,NaN,3,3,NaN,5,5
2,6,13,NaN,6,6,NaN,13,13
3,2,4,2,NaN,NaN,4,NaN,NaN
4,6,13,NaN,6,6,NaN,13,13
5,1,2,1,NaN,NaN,2,NaN,NaN
6,2,3,2,NaN,NaN,3,NaN,NaN
7,NaN,NaN,NaN,NaN,NaN,NaN,NaN,NaN
8,2,4,2,NaN,NaN,4,NaN,NaN
9,NaN,NaN,NaN,NaN,NaN,NaN,NaN,NaN
10,5,10,NaN,5,NaN,NaN,10,NaN
11,4,7,NaN,4,NaN,NaN,7,NaN
12,1,2,1,NaN,NaN,2,NaN,NaN
13,2,4,2,NaN,NaN,4,NaN,NaN
14,6,8,NaN,6,6,NaN,8,NaN
15,3,5,NaN,3,3,NaN,5,5
16,3,5,NaN,3,3,NaN,5,5
17,4,7,NaN,4,NaN,NaN,7,NaN
18,4,7,NaN,4,NaN,NaN,7,NaN
19,NaN,NaN,NaN,NaN,NaN,NaN,NaN,NaN
20,NaN,NaN,NaN,NaN,NaN,NaN,NaN,NaN
22,NaN,NaN,NaN,NaN,NaN,NaN,NaN,NaN
23,6,12,NaN,6,6,NaN,12,12
24,NaN,NaN,NaN,NaN,NaN,NaN,NaN,NaN
25,NaN,NaN,NaN,NaN,NaN,NaN,NaN,NaN
26,7,17,NaN,7,7,NaN,17,17
27,2,3,2,NaN,NaN,3,NaN,NaN
28,7,16,NaN,7,7,NaN,16,16
29,3,12,NaN,3,3,NaN,12,12
30,4,8,NaN,4,NaN,NaN,8,NaN
31,5,9,NaN,5,NaN,NaN,9,NaN
33,NaN,NaN,NaN,NaN,NaN,NaN,NaN,NaN
34,NaN,NaN,NaN,NaN,NaN,NaN,NaN,NaN
35,NaN,NaN,NaN,NaN,NaN,NaN,NaN,NaN
36,2,4,2,NaN,NaN,4,NaN,NaN
37,1,2,1,NaN,NaN,2,NaN,NaN
38,7,16,NaN,7,7,NaN,16,16
39,7,17,NaN,7,7,NaN,17,17
40,5,9,NaN,5,NaN,NaN,9,NaN
41,6,12,NaN,6,6,NaN,12,12
42,1,1,1,NaN,NaN,1,NaN,NaN
43,NaN,NaN,NaN,NaN,NaN,NaN,NaN,NaN
44,2,3,2,NaN,NaN,3,NaN,NaN
45,6,13,NaN,6,6,NaN,13,13
46,7,16,NaN,7,7,NaN,16,16
47,NaN,NaN,NaN,NaN,NaN,NaN,NaN,NaN
48,NaN,NaN,NaN,NaN,NaN,NaN,NaN,NaN
49,7,16,NaN,7,7,NaN,16,16
51,4,8,NaN,4,NaN,NaN,8,NaN
52,3,6,NaN,3,3,NaN,6,6
53,1,1,1,NaN,NaN,1,NaN,NaN
54,6,12,NaN,6,6,NaN,12,12
55,2,4,2,NaN,NaN,4,NaN,NaN
56,4,8,NaN,4,NaN,NaN,8,NaN
57,2,14,2,NaN,NaN,14,NaN,NaN
58,NaN,NaN,NaN,NaN,NaN,NaN,NaN,NaN
59,1,2,1,NaN,NaN,2,NaN,NaN
60,NaN,NaN,NaN,NaN,NaN,NaN,NaN,NaN
61,7,13,NaN,7,7,NaN,13,13
62,NaN,NaN,NaN,NaN,NaN,NaN,NaN,NaN
63,6,12,NaN,6,6,NaN,12,12
65,4,7,NaN,4,NaN,NaN,7,NaN
66,5,15,NaN,5,NaN,NaN,15,15
67,6,8,NaN,6,6,NaN,8,NaN
68,NaN,NaN,NaN,NaN,NaN,NaN,NaN,NaN
69,1,15,1,NaN,NaN,NaN,15,15
70,1,11,1,NaN,NaN,NaN,11,11
71,2,3,2,NaN,NaN,3,NaN,NaN
72,NaN,NaN,NaN,NaN,NaN,NaN,NaN,NaN
73,2,4,2,NaN,NaN,4,NaN,NaN
75,3,5,NaN,3,3,NaN,5,5
76,7,17,NaN,7,7,NaN,17,17
77,2,3,2,NaN,NaN,3,NaN,NaN
78,1,1,1,NaN,NaN,1,NaN,NaN
79,7,17,NaN,7,7,NaN,17,17
80,NaN,NaN,NaN,NaN,NaN,NaN,NaN,NaN
81,2,3,2,NaN,NaN,3,NaN,NaN
82,6,8,NaN,6,6,NaN,8,NaN
83,7,16,NaN,7,7,NaN,16,16
84,4,4,NaN,4,NaN,4,NaN,NaN
85,1,1,1,NaN,NaN,1,NaN,NaN
86,1,2,1,NaN,NaN,2,NaN,NaN
87,3,6,NaN,3,3,NaN,6,6
88,NaN,NaN,NaN,NaN,NaN,NaN,NaN,NaN
89,3,12,NaN,3,3,NaN,12,12
90,NaN,NaN,NaN,NaN,NaN,NaN,NaN,NaN
91,6,8,NaN,6,6,NaN,8,NaN
92,3,6,NaN,3,3,NaN,6,6
93,NaN,NaN,NaN,NaN,NaN,NaN,NaN,NaN
94,NaN,NaN,NaN,NaN,NaN,NaN,NaN,NaN
95,7,17,NaN,7,7,NaN,17,17
96,NaN,NaN,NaN,NaN,NaN,NaN,NaN,NaN
97,4,7,NaN,4,NaN,NaN,7,NaN
98,7,15,NaN,7,7,NaN,15,15
99,NaN,NaN,NaN,NaN,NaN,NaN,NaN,NaN
100,7,16,NaN,7,7,NaN,16,16
101,4,8,NaN,4,NaN,NaN,8,NaN
102,2,3,2,NaN,NaN,3,NaN,NaN
103,2,3,2,NaN,NaN,3,NaN,NaN
104,NaN,NaN,NaN,NaN,NaN,NaN,NaN,NaN
105,2,3,2,NaN,NaN,3,NaN,NaN
106,7,14,NaN,7,7,14,NaN,NaN
107,NaN,NaN,NaN,NaN,NaN,NaN,NaN,NaN
108,NaN,NaN,NaN,NaN,NaN,NaN,NaN,NaN
109,2,6,2,NaN,NaN,NaN,6,6
110,NaN,NaN,NaN,NaN,NaN,NaN,NaN,NaN
111,4,7,NaN,4,NaN,NaN,7,NaN
112,7,17,NaN,7,7,NaN,17,17
113,7,17,NaN,7,7,NaN,17,17
114,4,14,NaN,4,NaN,14,NaN,NaN
115,7,17,NaN,7,7,NaN,17,17
116,NaN,NaN,NaN,NaN,NaN,NaN,NaN,NaN
117,1,2,1,NaN,NaN,2,NaN,NaN
118,3,11,NaN,3,3,NaN,11,11
119,1,1,1,NaN,NaN,1,NaN,NaN
120,1,1,1,NaN,NaN,1,NaN,NaN
121,6,13,NaN,6,6,NaN,13,13
122,2,4,2,NaN,NaN,4,NaN,NaN
123,7,14,NaN,7,7,14,NaN,NaN
124,6,8,NaN,6,6,NaN,8,NaN
125,2,4,2,NaN,NaN,4,NaN,NaN
126,3,5,NaN,3,3,NaN,5,5
127,7,17,NaN,7,7,NaN,17,17
128,4,8,NaN,4,NaN,NaN,8,NaN
130,6,12,NaN,6,6,NaN,12,12
131,5,9,NaN,5,NaN,NaN,9,NaN
132,6,8,NaN,6,6,NaN,8,NaN
133,5,10,NaN,5,NaN,NaN,10,NaN
134,1,2,1,NaN,NaN,2,NaN,NaN
135,7,16,NaN,7,7,NaN,16,16
136,1,1,1,NaN,NaN,1,NaN,NaN
137,7,16,NaN,7,7,NaN,16,16
138,3,5,NaN,3,3,NaN,5,5
139,7,11,NaN,7,7,NaN,11,11
140,4,7,NaN,4,NaN,NaN,7,NaN
141,NaN,NaN,NaN,NaN,NaN,NaN,NaN,NaN
142,NaN,NaN,NaN,NaN,NaN,NaN,NaN,NaN
143,7,17,NaN,7,7,NaN,17,17
144,4,7,NaN,4,NaN,NaN,7,NaN
145,7,14,NaN,7,7,14,NaN,NaN
146,1,1,1,NaN,NaN,1,NaN,NaN
147,3,5,NaN,3,3,NaN,5,5
148,6,12,NaN,6,6,NaN,12,12
149,NaN,NaN,NaN,NaN,NaN,NaN,NaN,NaN
150,4,3,NaN,4,NaN,3,NaN,NaN
151,5,15,NaN,5,NaN,NaN,15,15
152,NaN,NaN,NaN,NaN,NaN,NaN,NaN,NaN
153,7,16,NaN,7,7,NaN,16,16
154,2,4,2,NaN,NaN,4,NaN,NaN
155,NaN,NaN,NaN,NaN,NaN,NaN,NaN,NaN
156,4,7,NaN,4,NaN,NaN,7,NaN
157,7,13,NaN,7,7,NaN,13,13
158,NaN,NaN,NaN,NaN,NaN,NaN,NaN,NaN
159,7,17,NaN,7,7,NaN,17,17
160,7,16,NaN,7,7,NaN,16,16
161,1,2,1,NaN,NaN,2,NaN,NaN
162,7,16,NaN,7,7,NaN,16,16
163,1,1,1,NaN,NaN,1,NaN,NaN
164,3,6,NaN,3,3,NaN,6,6
165,4,7,NaN,4,NaN,NaN,7,NaN
166,NaN,NaN,NaN,NaN,NaN,NaN,NaN,NaN
167,5,10,NaN,5,NaN,NaN,10,NaN
168,NaN,NaN,NaN,NaN,NaN,NaN,NaN,NaN
169,NaN,NaN,NaN,NaN,NaN,NaN,NaN,NaN
170,3,5,NaN,3,3,NaN,5,5
171,1,1,1,NaN,NaN,1,NaN,NaN
172,NaN,NaN,NaN,NaN,NaN,NaN,NaN,NaN
173,7,17,NaN,7,7,NaN,17,17
174,NaN,NaN,NaN,NaN,NaN,NaN,NaN,NaN
175,6,8,NaN,6,6,NaN,8,NaN
176,NaN,NaN,NaN,NaN,NaN,NaN,NaN,NaN
177,4,7,NaN,4,NaN,NaN,7,NaN
178,NaN,NaN,NaN,NaN,NaN,NaN,NaN,NaN
179,NaN,NaN,NaN,NaN,NaN,NaN,NaN,NaN
180,4,14,NaN,4,NaN,14,NaN,NaN
181,2,3,2,NaN,NaN,3,NaN,NaN
182,1,2,1,NaN,NaN,2,NaN,NaN
183,7,13,NaN,7,7,NaN,13,13
184,4,7,NaN,4,NaN,NaN,7,NaN
185,1,1,1,NaN,NaN,1,NaN,NaN
186,NaN,NaN,NaN,NaN,NaN,NaN,NaN,NaN
188,7,16,NaN,7,7,NaN,16,16
189,7,17,NaN,7,7,NaN,17,17
190,NaN,NaN,NaN,NaN,NaN,NaN,NaN,NaN
191,4,4,NaN,4,NaN,4,NaN,NaN
192,1,1,1,NaN,NaN,1,NaN,NaN
193,7,17,NaN,7,7,NaN,17,17
194,7,17,NaN,7,7,NaN,17,17
195,5,15,NaN,5,NaN,NaN,15,15
196,NaN,NaN,NaN,NaN,NaN,NaN,NaN,NaN
198,7,17,NaN,7,7,NaN,17,17
199,2,3,2,NaN,NaN,3,NaN,NaN
200,7,14,NaN,7,7,14,NaN,NaN
201,2,3,2,NaN,NaN,3,NaN,NaN
202,6,12,NaN,6,6,NaN,12,12
203,6,13,NaN,6,6,NaN,13,13
204,1,15,1,NaN,NaN,NaN,15,15
205,6,11,NaN,6,6,NaN,11,11
206,NaN,NaN,NaN,NaN,NaN,NaN,NaN,NaN
207,6,13,NaN,6,6,NaN,13,13
208,4,7,NaN,4,NaN,NaN,7,NaN
209,7,17,NaN,7,7,NaN,17,17
210,NaN,NaN,NaN,NaN,NaN,NaN,NaN,NaN
211,1,2,1,NaN,NaN,2,NaN,NaN
212,3,5,NaN,3,3,NaN,5,5
214,7,16,NaN,7,7,NaN,16,16
215,NaN,NaN,NaN,NaN,NaN,NaN,NaN,NaN
216,NaN,NaN,NaN,NaN,NaN,NaN,NaN,NaN
217,7,16,NaN,7,7,NaN,16,16
218,NaN,NaN,NaN,NaN,NaN,NaN,NaN,NaN
219,7,17,NaN,7,7,NaN,17,17
220,1,2,1,NaN,NaN,2,NaN,NaN
221,4,7,NaN,4,NaN,NaN,7,NaN
222,NaN,NaN,NaN,NaN,NaN,NaN,NaN,NaN
223,NaN,NaN,NaN,NaN,NaN,NaN,NaN,NaN
224,1,1,1,NaN,NaN,1,NaN,NaN
225,5,9,NaN,5,NaN,NaN,9,NaN
226,2,3,2,NaN,NaN,3,NaN,NaN
227,NaN,NaN,NaN,NaN,NaN,NaN,NaN,NaN
228,2,14,2,NaN,NaN,14,NaN,NaN
229,2,3,2,NaN,NaN,3,NaN,NaN
230,NaN,NaN,NaN,NaN,NaN,NaN,NaN,NaN
231,7,16,NaN,7,7,NaN,16,16
232,7,17,NaN,7,7,NaN,17,17
233,1,1,1,NaN,NaN,1,NaN,NaN
234,5,9,NaN,5,NaN,NaN,9,NaN
235,4,7,NaN,4,NaN,NaN,7,NaN
236,NaN,NaN,NaN,NaN,NaN,NaN,NaN,NaN
237,1,1,1,NaN,NaN,1,NaN,NaN
238,3,6,NaN,3,3,NaN,6,6
239,4,7,NaN,4,NaN,NaN,7,NaN
240,1,1,1,NaN,NaN,1,NaN,NaN
241,2,3,2,NaN,NaN,3,NaN,NaN
242,7,16,NaN,7,7,NaN,16,16
243,2,7,2,NaN,NaN,NaN,7,NaN
244,7,17,NaN,7,7,NaN,17,17
245,NaN,NaN,NaN,NaN,NaN,NaN,NaN,NaN
246,7,17,NaN,7,7,NaN,17,17
247,NaN,NaN,NaN,NaN,NaN,NaN,NaN,NaN
248,2,3,2,NaN,NaN,3,NaN,NaN
249,7,17,NaN,7,7,NaN,17,17
250,1,1,1,NaN,NaN,1,NaN,NaN
251,4,7,NaN,4,NaN,NaN,7,NaN
252,2,3,2,NaN,NaN,3,NaN,NaN
253,5,15,NaN,5,NaN,NaN,15,15
254,3,5,NaN,3,3,NaN,5,5
255,2,3,2,NaN,NaN,3,NaN,NaN
256,5,10,NaN,5,NaN,NaN,10,NaN
257,1,2,1,NaN,NaN,2,NaN,NaN
258,2,4,2,NaN,NaN,4,NaN,NaN
259,2,4,2,NaN,NaN,4,NaN,NaN
260,5,9,NaN,5,NaN,NaN,9,NaN
261,3,5,NaN,3,3,NaN,5,5
262,NaN,NaN,NaN,NaN,NaN,NaN,NaN,NaN
263,1,1,1,NaN,NaN,1,NaN,NaN
264,7,8,NaN,7,7,NaN,8,NaN
265,7,16,NaN,7,7,NaN,16,16
266,3,6,NaN,3,3,NaN,6,6
267,4,7,NaN,4,NaN,NaN,7,NaN
268,3,5,NaN,3,3,NaN,5,5
269,NaN,NaN,NaN,NaN,NaN,NaN,NaN,NaN
270,NaN,NaN,NaN,NaN,NaN,NaN,NaN,NaN
271,2,4,2,NaN,NaN,4,NaN,NaN
272,7,15,NaN,7,7,NaN,15,15
273,7,17,NaN,7,7,NaN,17,17
274,6,8,NaN,6,6,NaN,8,NaN
275,6,8,NaN,6,6,NaN,8,NaN
276,6,13,NaN,6,6,NaN,13,13
277,7,16,NaN,7,7,NaN,16,16
278,2,7,2,NaN,NaN,NaN,7,NaN
279,5,9,NaN,5,NaN,NaN,9,NaN
280,NaN,NaN,NaN,NaN,NaN,NaN,NaN,NaN
281,7,17,NaN,7,7,NaN,17,17
282,1,5,1,NaN,NaN,NaN,5,5
283,7,17,NaN,7,7,NaN,17,17
284,1,2,1,NaN,NaN,2,NaN,NaN
285,7,11,NaN,7,7,NaN,11,11
286,4,7,NaN,4,NaN,NaN,7,NaN
287,4,8,NaN,4,NaN,NaN,8,NaN
288,3,6,NaN,3,3,NaN,6,6
289,NaN,NaN,NaN,NaN,NaN,NaN,NaN,NaN
290,6,12,NaN,6,6,NaN,12,12
291,3,6,NaN,3,3,NaN,6,6
292,1,1,1,NaN,NaN,1,NaN,NaN
293,NaN,NaN,NaN,NaN,NaN,NaN,NaN,NaN
294,7,16,NaN,7,7,NaN,16,16
295,NaN,NaN,NaN,NaN,NaN,NaN,NaN,NaN
296,2,3,2,NaN,NaN,3,NaN,NaN
297,7,16,NaN,7,7,NaN,16,16
298,NaN,NaN,NaN,NaN,NaN,NaN,NaN,NaN
299,NaN,NaN,NaN,NaN,NaN,NaN,NaN,NaN
300,3,6,NaN,3,3,NaN,6,6
301,1,2,1,NaN,NaN,2,NaN,NaN
302,5,17,NaN,5,NaN,NaN,17,17
303,3,12,NaN,3,3,NaN,12,12
305,4,7,NaN,4,NaN,NaN,7,NaN
306,3,6,NaN,3,3,NaN,6,6
307,1,1,1,NaN,NaN,1,NaN,NaN
308,2,14,2,NaN,NaN,14,NaN,NaN
309,7,16,NaN,7,7,NaN,16,16
310,6,13,NaN,6,6,NaN,13,13
311,6,12,NaN,6,6,NaN,12,12
312,5,9,NaN,5,NaN,NaN,9,NaN
313,3,5,NaN,3,3,NaN,5,5
314,6,12,NaN,6,6,NaN,12,12
315,7,17,NaN,7,7,NaN,17,17
316,NaN,NaN,NaN,NaN,NaN,NaN,NaN,NaN
317,4,6,NaN,4,NaN,NaN,6,6
318,6,8,NaN,6,6,NaN,8,NaN
319,NaN,NaN,NaN,NaN,NaN,NaN,NaN,NaN
320,1,1,1,NaN,NaN,1,NaN,NaN
321,7,17,NaN,7,7,NaN,17,17
322,2,4,2,NaN,NaN,4,NaN,NaN
323,3,6,NaN,3,3,NaN,6,6
324,4,7,NaN,4,NaN,NaN,7,NaN
325,5,9,NaN,5,NaN,NaN,9,NaN
326,NaN,NaN,NaN,NaN,NaN,NaN,NaN,NaN
327,7,17,NaN,7,7,NaN,17,17
328,1,1,1,NaN,NaN,1,NaN,NaN
329,4,7,NaN,4,NaN,NaN,7,NaN
330,3,6,NaN,3,3,NaN,6,6
331,NaN,NaN,NaN,NaN,NaN,NaN,NaN,NaN
332,7,16,NaN,7,7,NaN,16,16
333,NaN,NaN,NaN,NaN,NaN,NaN,NaN,NaN
334,NaN,NaN,NaN,NaN,NaN,NaN,NaN,NaN
335,6,13,NaN,6,6,NaN,13,13
336,7,13,NaN,7,7,NaN,13,13
337,1,15,1,NaN,NaN,NaN,15,15
338,1,2,1,NaN,NaN,2,NaN,NaN
339,NaN,NaN,NaN,NaN,NaN,NaN,NaN,NaN
340,7,15,NaN,7,7,NaN,15,15
341,6,12,NaN,6,6,NaN,12,12
342,7,16,NaN,7,7,NaN,16,16
343,2,4,2,NaN,NaN,4,NaN,NaN
344,4,7,NaN,4,NaN,NaN,7,NaN
345,7,16,NaN,7,7,NaN,16,16
346,7,16,NaN,7,7,NaN,16,16
347,3,6,NaN,3,3,NaN,6,6
348,1,1,1,NaN,NaN,1,NaN,NaN
349,7,17,NaN,7,7,NaN,17,17
350,NaN,NaN,NaN,NaN,NaN,NaN,NaN,NaN
351,NaN,NaN,NaN,NaN,NaN,NaN,NaN,NaN
352,7,16,NaN,7,7,NaN,16,16
353,4,7,NaN,4,NaN,NaN,7,NaN
354,7,17,NaN,7,7,NaN,17,17
355,NaN,NaN,NaN,NaN,NaN,NaN,NaN,NaN
356,7,14,NaN,7,7,14,NaN,NaN
357,1,1,1,NaN,NaN,1,NaN,NaN
358,7,14,NaN,7,7,14,NaN,NaN
359,NaN,NaN,NaN,NaN,NaN,NaN,NaN,NaN
360,NaN,NaN,NaN,NaN,NaN,NaN,NaN,NaN
362,7,17,NaN,7,7,NaN,17,17
363,NaN,NaN,NaN,NaN,NaN,NaN,NaN,NaN
364,4,8,NaN,4,NaN,NaN,8,NaN
365,7,14,NaN,7,7,14,NaN,NaN
366,7,16,NaN,7,7,NaN,16,16
367,NaN,NaN,NaN,NaN,NaN,NaN,NaN,NaN
368,1,1,1,NaN,NaN,1,NaN,NaN
369,2,3,2,NaN,NaN,3,NaN,NaN
370,6,13,NaN,6,6,NaN,13,13
371,2,4,2,NaN,NaN,4,NaN,NaN
372,NaN,NaN,NaN,NaN,NaN,NaN,NaN,NaN
373,7,15,NaN,7,7,NaN,15,15
374,6,12,NaN,6,6,NaN,12,12
375,3,5,NaN,3,3,NaN,5,5
376,2,4,2,NaN,NaN,4,NaN,NaN
377,2,3,2,NaN,NaN,3,NaN,NaN
378,5,9,NaN,5,NaN,NaN,9,NaN
379,4,14,NaN,4,NaN,14,NaN,NaN
380,2,3,2,NaN,NaN,3,NaN,NaN
381,4,8,NaN,4,NaN,NaN,8,NaN
382,7,16,NaN,7,7,NaN,16,16
383,1,2,1,NaN,NaN,2,NaN,NaN
384,7,17,NaN,7,7,NaN,17,17
385,6,11,NaN,6,6,NaN,11,11
386,NaN,NaN,NaN,NaN,NaN,NaN,NaN,NaN
387,2,4,2,NaN,NaN,4,NaN,NaN
388,6,8,NaN,6,6,NaN,8,NaN
389,1,2,1,NaN,NaN,2,NaN,NaN
390,NaN,NaN,NaN,NaN,NaN,NaN,NaN,NaN
391,1,5,1,NaN,NaN,NaN,5,5
392,NaN,NaN,NaN,NaN,NaN,NaN,NaN,NaN
393,NaN,NaN,NaN,NaN,NaN,NaN,NaN,NaN
394,6,12,NaN,6,6,NaN,12,12
395,NaN,NaN,NaN,NaN,NaN,NaN,NaN,NaN
396,6,13,NaN,6,6,NaN,13,13
397,7,17,NaN,7,7,NaN,17,17
398,7,16,NaN,7,7,NaN,16,16
400,4,8,NaN,4,NaN,NaN,8,NaN
401,7,16,NaN,7,7,NaN,16,16
402,NaN,NaN,NaN,NaN,NaN,NaN,NaN,NaN
403,7,13,NaN,7,7,NaN,13,13
404,2,4,2,NaN,NaN,4,NaN,NaN
405,6,8,NaN,6,6,NaN,8,NaN
406,7,14,NaN,7,7,14,NaN,NaN
407,1,1,1,NaN,NaN,1,NaN,NaN
408,1,2,1,NaN,NaN,2,NaN,NaN
409,2,4,2,NaN,NaN,4,NaN,NaN
410,7,17,NaN,7,7,NaN,17,17
411,4,7,NaN,4,NaN,NaN,7,NaN
412,4,7,NaN,4,NaN,NaN,7,NaN
413,3,5,NaN,3,3,NaN,5,5
414,6,11,NaN,6,6,NaN,11,11
415,6,8,NaN,6,6,NaN,8,NaN
416,7,16,NaN,7,7,NaN,16,16
417,1,5,1,NaN,NaN,NaN,5,5
418,5,10,NaN,5,NaN,NaN,10,NaN
419,NaN,NaN,NaN,NaN,NaN,NaN,NaN,NaN
420,3,6,NaN,3,3,NaN,6,6
421,NaN,NaN,NaN,NaN,NaN,NaN,NaN,NaN
422,NaN,NaN,NaN,NaN,NaN,NaN,NaN,NaN
423,2,4,2,NaN,NaN,4,NaN,NaN
424,6,8,NaN,6,6,NaN,8,NaN
425,NaN,NaN,NaN,NaN,NaN,NaN,NaN,NaN
426,4,7,NaN,4,NaN,NaN,7,NaN
427,NaN,NaN,NaN,NaN,NaN,NaN,NaN,NaN
428,4,8,NaN,4,NaN,NaN,8,NaN
429,3,15,NaN,3,3,NaN,15,15
430,2,3,2,NaN,NaN,3,NaN,NaN
431,7,17,NaN,7,7,NaN,17,17
432,2,3,2,NaN,NaN,3,NaN,NaN
433,4,14,NaN,4,NaN,14,NaN,NaN
434,7,16,NaN,7,7,NaN,16,16
435,2,4,2,NaN,NaN,4,NaN,NaN
436,3,6,NaN,3,3,NaN,6,6
437,NaN,NaN,NaN,NaN,NaN,NaN,NaN,NaN
438,7,17,NaN,7,7,NaN,17,17
439,NaN,NaN,NaN,NaN,NaN,NaN,NaN,NaN
440,NaN,NaN,NaN,NaN,NaN,NaN,NaN,NaN
441,7,17,NaN,7,7,NaN,17,17
442,1,2,1,NaN,NaN,2,NaN,NaN
443,7,16,NaN,7,7,NaN,16,16
444,6,13,NaN,6,6,NaN,13,13
445,NaN,NaN,NaN,NaN,NaN,NaN,NaN,NaN
446,1,2,1,NaN,NaN,2,NaN,NaN
447,7,17,NaN,7,7,NaN,17,17
448,3,6,NaN,3,3,NaN,6,6
449,1,1,1,NaN,NaN,1,NaN,NaN
450,4,7,NaN,4,NaN,NaN,7,NaN
451,NaN,NaN,NaN,NaN,NaN,NaN,NaN,NaN
452,7,17,NaN,7,7,NaN,17,17
453,NaN,NaN,NaN,NaN,NaN,NaN,NaN,NaN
454,6,12,NaN,6,6,NaN,12,12
455,1,1,1,NaN,NaN,1,NaN,NaN
456,2,3,2,NaN,NaN,3,NaN,NaN
457,1,5,1,NaN,NaN,NaN,5,5
458,7,16,NaN,7,7,NaN,16,16
459,1,1,1,NaN,NaN,1,NaN,NaN
460,6,13,NaN,6,6,NaN,13,13
461,4,4,NaN,4,NaN,4,NaN,NaN
462,NaN,NaN,NaN,NaN,NaN,NaN,NaN,NaN
463,3,5,NaN,3,3,NaN,5,5
464,2,6,2,NaN,NaN,NaN,6,6
465,7,14,NaN,7,7,14,NaN,NaN
466,1,5,1,NaN,NaN,NaN,5,5
467,6,13,NaN,6,6,NaN,13,13
468,6,13,NaN,6,6,NaN,13,13
469,2,3,2,NaN,NaN,3,NaN,NaN
470,6,12,NaN,6,6,NaN,12,12
471,1,1,1,NaN,NaN,1,NaN,NaN
472,2,4,2,NaN,NaN,4,NaN,NaN
473,7,17,NaN,7,7,NaN,17,17
474,3,5,NaN,3,3,NaN,5,5
475,NaN,NaN,NaN,NaN,NaN,NaN,NaN,NaN
476,7,13,NaN,7,7,NaN,13,13
477,NaN,NaN,NaN,NaN,NaN,NaN,NaN,NaN
478,NaN,NaN,NaN,NaN,NaN,NaN,NaN,NaN
479,7,17,NaN,7,7,NaN,17,17
480,1,1,1,NaN,NaN,1,NaN,NaN
481,3,6,NaN,3,3,NaN,6,6
482,NaN,NaN,NaN,NaN,NaN,NaN,NaN,NaN
483,4,7,NaN,4,NaN,NaN,7,NaN
484,1,2,1,NaN,NaN,2,NaN,NaN
485,2,4,2,NaN,NaN,4,NaN,NaN
486,4,7,NaN,4,NaN,NaN,7,NaN
487,3,5,NaN,3,3,NaN,5,5
488,1,15,1,NaN,NaN,NaN,15,15
489,4,8,NaN,4,NaN,NaN,8,NaN
490,7,17,NaN,7,7,NaN,17,17
491,6,12,NaN,6,6,NaN,12,12
492,6,12,NaN,6,6,NaN,12,12
493,NaN,NaN,NaN,NaN,NaN,NaN,NaN,NaN
494,1,15,1,NaN,NaN,NaN,15,15
495,3,6,NaN,3,3,NaN,6,6
496,3,5,NaN,3,3,NaN,5,5
497,NaN,NaN,NaN,NaN,NaN,NaN,NaN,NaN
498,2,3,2,NaN,NaN,3,NaN,NaN
499,4,7,NaN,4,NaN,NaN,7,NaN
500,1,2,1,NaN,NaN,2,NaN,NaN
501,5,9,NaN,5,NaN,NaN,9,NaN
502,NaN,NaN,NaN,NaN,NaN,NaN,NaN,NaN
503,6,12,NaN,6,6,NaN,12,12
504,7,13,NaN,7,7,NaN,13,13
505,1,2,1,NaN,NaN,2,NaN,NaN
506,5,10,NaN,5,NaN,NaN,10,NaN
507,NaN,NaN,NaN,NaN,NaN,NaN,NaN,NaN
508,2,4,2,NaN,NaN,4,NaN,NaN
509,4,7,NaN,4,NaN,NaN,7,NaN
510,4,7,NaN,4,NaN,NaN,7,NaN
511,1,1,1,NaN,NaN,1,NaN,NaN
512,5,9,NaN,5,NaN,NaN,9,NaN
513,7,13,NaN,7,7,NaN,13,13
514,2,3,2,NaN,NaN,3,NaN,NaN
515,6,12,NaN,6,6,NaN,12,12
516,7,16,NaN,7,7,NaN,16,16
517,2,7,2,NaN,NaN,NaN,7,NaN
518,1,1,1,NaN,NaN,1,NaN,NaN
519,2,3,2,NaN,NaN,3,NaN,NaN
520,2,3,2,NaN,NaN,3,NaN,NaN
521,1,2,1,NaN,NaN,2,NaN,NaN
522,3,6,NaN,3,3,NaN,6,6
523,2,4,2,NaN,NaN,4,NaN,NaN
524,NaN,NaN,NaN,NaN,NaN,NaN,NaN,NaN
525,6,13,NaN,6,6,NaN,13,13
526,NaN,NaN,NaN,NaN,NaN,NaN,NaN,NaN
527,7,16,NaN,7,7,NaN,16,16
528,1,1,1,NaN,NaN,1,NaN,NaN
529,3,6,NaN,3,3,NaN,6,6
530,6,8,NaN,6,6,NaN,8,NaN
531,7,15,NaN,7,7,NaN,15,15
532,1,5,1,NaN,NaN,NaN,5,5
533,1,1,1,NaN,NaN,1,NaN,NaN
534,NaN,NaN,NaN,NaN,NaN,NaN,NaN,NaN
535,6,13,NaN,6,6,NaN,13,13
536,7,17,NaN,7,7,NaN,17,17
537,1,1,1,NaN,NaN,1,NaN,NaN
538,3,12,NaN,3,3,NaN,12,12
539,1,5,1,NaN,NaN,NaN,5,5
540,6,13,NaN,6,6,NaN,13,13
541,7,14,NaN,7,7,14,NaN,NaN
542,1,2,1,NaN,NaN,2,NaN,NaN
543,6,12,NaN,6,6,NaN,12,12
544,3,12,NaN,3,3,NaN,12,12
545,NaN,NaN,NaN,NaN,NaN,NaN,NaN,NaN
546,4,7,NaN,4,NaN,NaN,7,NaN
547,7,15,NaN,7,7,NaN,15,15
548,NaN,NaN,NaN,NaN,NaN,NaN,NaN,NaN
549,7,16,NaN,7,7,NaN,16,16
550,NaN,NaN,NaN,NaN,NaN,NaN,NaN,NaN
551,NaN,NaN,NaN,NaN,NaN,NaN,NaN,NaN
552,1,2,1,NaN,NaN,2,NaN,NaN
553,6,13,NaN,6,6,NaN,13,13
554,5,9,NaN,5,NaN,NaN,9,NaN
555,4,8,NaN,4,NaN,NaN,8,NaN
556,5,9,NaN,5,NaN,NaN,9,NaN
557,7,17,NaN,7,7,NaN,17,17
558,6,8,NaN,6,6,NaN,8,NaN
559,6,12,NaN,6,6,NaN,12,12
560,NaN,NaN,NaN,NaN,NaN,NaN,NaN,NaN
561,1,1,1,NaN,NaN,1,NaN,NaN
562,1,5,1,NaN,NaN,NaN,5,5
563,7,13,NaN,7,7,NaN,13,13
564,2,3,2,NaN,NaN,3,NaN,NaN
565,1,5,1,NaN,NaN,NaN,5,5
566,7,17,NaN,7,7,NaN,17,17
567,2,3,2,NaN,NaN,3,NaN,NaN
568,2,4,2,NaN,NaN,4,NaN,NaN
569,NaN,NaN,NaN,NaN,NaN,NaN,NaN,NaN
570,3,12,NaN,3,3,NaN,12,12
571,NaN,NaN,NaN,NaN,NaN,NaN,NaN,NaN
572,NaN,NaN,NaN,NaN,NaN,NaN,NaN,NaN
573,7,17,NaN,7,7,NaN,17,17
574,7,16,NaN,7,7,NaN,16,16
575,6,13,NaN,6,6,NaN,13,13
576,1,1,1,NaN,NaN,1,NaN,NaN
577,2,3,2,NaN,NaN,3,NaN,NaN
578,6,12,NaN,6,6,NaN,12,12
579,7,16,NaN,7,7,NaN,16,16
580,1,2,1,NaN,NaN,2,NaN,NaN
582,1,1,1,NaN,NaN,1,NaN,NaN
583,NaN,NaN,NaN,NaN,NaN,NaN,NaN,NaN
584,7,17,NaN,7,7,NaN,17,17
585,6,12,NaN,6,6,NaN,12,12
586,1,15,1,NaN,NaN,NaN,15,15
587,7,15,NaN,7,7,NaN,15,15
588,3,11,NaN,3,3,NaN,11,11
589,7,17,NaN,7,7,NaN,17,17
590,2,3,2,NaN,NaN,3,NaN,NaN
591,7,15,NaN,7,7,NaN,15,15
592,1,1,1,NaN,NaN,1,NaN,NaN
593,5,9,NaN,5,NaN,NaN,9,NaN
594,7,17,NaN,7,7,NaN,17,17
596,6,8,NaN,6,6,NaN,8,NaN
597,2,3,2,NaN,NaN,3,NaN,NaN
598,7,17,NaN,7,7,NaN,17,17
599,2,4,2,NaN,NaN,4,NaN,NaN
600,1,5,1,NaN,NaN,NaN,5,5
601,1,15,1,NaN,NaN,NaN,15,15
602,4,8,NaN,4,NaN,NaN,8,NaN
603,4,7,NaN,4,NaN,NaN,7,NaN
604,2,4,2,NaN,NaN,4,NaN,NaN
605,3,11,NaN,3,3,NaN,11,11
606,5,10,NaN,5,NaN,NaN,10,NaN
607,3,12,NaN,3,3,NaN,12,12
608,4,8,NaN,4,NaN,NaN,8,NaN
609,3,5,NaN,3,3,NaN,5,5
610,NaN,NaN,NaN,NaN,NaN,NaN,NaN,NaN
611,6,13,NaN,6,6,NaN,13,13
613,7,16,NaN,7,7,NaN,16,16
614,7,16,NaN,7,7,NaN,16,16
615,NaN,NaN,NaN,NaN,NaN,NaN,NaN,NaN
616,2,14,2,NaN,NaN,14,NaN,NaN
617,6,12,NaN,6,6,NaN,12,12
618,3,5,NaN,3,3,NaN,5,5
619,7,16,NaN,7,7,NaN,16,16
620,1,1,1,NaN,NaN,1,NaN,NaN
621,2,3,2,NaN,NaN,3,NaN,NaN
622,4,7,NaN,4,NaN,NaN,7,NaN
623,7,15,NaN,7,7,NaN,15,15
625,4,7,NaN,4,NaN,NaN,7,NaN
626,4,8,NaN,4,NaN,NaN,8,NaN
627,7,13,NaN,7,7,NaN,13,13
628,6,12,NaN,6,6,NaN,12,12
629,NaN,NaN,NaN,NaN,NaN,NaN,NaN,NaN
631,1,1,1,NaN,NaN,1,NaN,NaN
634,7,16,NaN,7,7,NaN,16,16
635,5,10,NaN,5,NaN,NaN,10,NaN
636,4,12,NaN,4,NaN,NaN,12,12
637,6,13,NaN,6,6,NaN,13,13
638,1,1,1,NaN,NaN,1,NaN,NaN
639,3,12,NaN,3,3,NaN,12,12
640,2,4,2,NaN,NaN,4,NaN,NaN
641,2,4,2,NaN,NaN,4,NaN,NaN
642,NaN,NaN,NaN,NaN,NaN,NaN,NaN,NaN
643,1,1,1,NaN,NaN,1,NaN,NaN
644,2,4,2,NaN,NaN,4,NaN,NaN
645,1,2,1,NaN,NaN,2,NaN,NaN
646,6,13,NaN,6,6,NaN,13,13
647,2,3,2,NaN,NaN,3,NaN,NaN
649,6,13,NaN,6,6,NaN,13,13
650,1,2,1,NaN,NaN,2,NaN,NaN
651,7,13,NaN,7,7,NaN,13,13
652,6,12,NaN,6,6,NaN,12,12
653,4,8,NaN,4,NaN,NaN,8,NaN
654,6,11,NaN,6,6,NaN,11,11
655,NaN,NaN,NaN,NaN,NaN,NaN,NaN,NaN
657,NaN,NaN,NaN,NaN,NaN,NaN,NaN,NaN
659,5,9,NaN,5,NaN,NaN,9,NaN
660,7,17,NaN,7,7,NaN,17,17
662,NaN,NaN,NaN,NaN,NaN,NaN,NaN,NaN
663,7,16,NaN,7,7,NaN,16,16
664,1,5,1,NaN,NaN,NaN,5,5
665,NaN,NaN,NaN,NaN,NaN,NaN,NaN,NaN
666,1,1,1,NaN,NaN,1,NaN,NaN
667,NaN,NaN,NaN,NaN,NaN,NaN,NaN,NaN
668,7,16,NaN,7,7,NaN,16,16
669,2,14,2,NaN,NaN,14,NaN,NaN
670,NaN,NaN,NaN,NaN,NaN,NaN,NaN,NaN
671,7,17,NaN,7,7,NaN,17,17
672,2,4,2,NaN,NaN,4,NaN,NaN
673,NaN,NaN,NaN,NaN,NaN,NaN,NaN,NaN
674,3,6,NaN,3,3,NaN,6,6
675,1,1,1,NaN,NaN,1,NaN,NaN
676,6,12,NaN,6,6,NaN,12,12
677,5,10,NaN,5,NaN,NaN,10,NaN
679,7,17,NaN,7,7,NaN,17,17
680,3,6,NaN,3,3,NaN,6,6
681,NaN,NaN,NaN,NaN,NaN,NaN,NaN,NaN
682,NaN,NaN,NaN,NaN,NaN,NaN,NaN,NaN
683,2,3,2,NaN,NaN,3,NaN,NaN
685,6,12,NaN,6,6,NaN,12,12
686,7,14,NaN,7,7,14,NaN,NaN
687,7,16,NaN,7,7,NaN,16,16
688,3,5,NaN,3,3,NaN,5,5
689,4,7,NaN,4,NaN,NaN,7,NaN
690,2,3,2,NaN,NaN,3,NaN,NaN
691,5,10,NaN,5,NaN,NaN,10,NaN
692,5,10,NaN,5,NaN,NaN,10,NaN
693,1,2,1,NaN,NaN,2,NaN,NaN
695,5,9,NaN,5,NaN,NaN,9,NaN
696,1,1,1,NaN,NaN,1,NaN,NaN
697,4,14,NaN,4,NaN,14,NaN,NaN
698,NaN,NaN,NaN,NaN,NaN,NaN,NaN,NaN
700,7,16,NaN,7,7,NaN,16,16
702,6,8,NaN,6,6,NaN,8,NaN
704,NaN,NaN,NaN,NaN,NaN,NaN,NaN,NaN
705,1,5,1,NaN,NaN,NaN,5,5
706,3,11,NaN,3,3,NaN,11,11
707,2,3,2,NaN,NaN,3,NaN,NaN
708,3,5,NaN,3,3,NaN,5,5
710,6,13,NaN,6,6,NaN,13,13
711,6,8,NaN,6,6,NaN,8,NaN
713,4,8,NaN,4,NaN,NaN,8,NaN
714,2,3,2,NaN,NaN,3,NaN,NaN
715,NaN,NaN,NaN,NaN,NaN,NaN,NaN,NaN
716,1,2,1,NaN,NaN,2,NaN,NaN
717,3,5,NaN,3,3,NaN,5,5
718,7,16,NaN,7,7,NaN,16,16
719,7,16,NaN,7,7,NaN,16,16
720,4,7,NaN,4,NaN,NaN,7,NaN
721,1,2,1,NaN,NaN,2,NaN,NaN
722,2,4,2,NaN,NaN,4,NaN,NaN
723,7,17,NaN,7,7,NaN,17,17
724,NaN,NaN,NaN,NaN,NaN,NaN,NaN,NaN
727,1,1,1,NaN,NaN,1,NaN,NaN
728,1,2,1,NaN,NaN,2,NaN,NaN
730,NaN,NaN,NaN,NaN,NaN,NaN,NaN,NaN
731,NaN,NaN,NaN,NaN,NaN,NaN,NaN,NaN
732,5,9,NaN,5,NaN,NaN,9,NaN
734,4,7,NaN,4,NaN,NaN,7,NaN
735,2,4,2,NaN,NaN,4,NaN,NaN
736,2,4,2,NaN,NaN,4,NaN,NaN
737,6,8,NaN,6,6,NaN,8,NaN
739,1,2,1,NaN,NaN,2,NaN,NaN
740,3,6,NaN,3,3,NaN,6,6
741,1,1,1,NaN,NaN,1,NaN,NaN
742,2,3,2,NaN,NaN,3,NaN,NaN
746,NaN,NaN,NaN,NaN,NaN,NaN,NaN,NaN
748,7,14,NaN,7,7,14,NaN,NaN
750,3,6,NaN,3,3,NaN,6,6
751,5,9,NaN,5,NaN,NaN,9,NaN
752,NaN,NaN,NaN,NaN,NaN,NaN,NaN,NaN
753,7,17,NaN,7,7,NaN,17,17
754,4,8,NaN,4,NaN,NaN,8,NaN
758,NaN,NaN,NaN,NaN,NaN,NaN,NaN,NaN
761,3,6,NaN,3,3,NaN,6,6
762,NaN,NaN,NaN,NaN,NaN,NaN,NaN,NaN
764,3,6,NaN,3,3,NaN,6,6
765,4,7,NaN,4,NaN,NaN,7,NaN
767,2,3,2,NaN,NaN,3,NaN,NaN
768,7,15,NaN,7,7,NaN,15,15
769,2,4,2,NaN,NaN,4,NaN,NaN
770,7,17,NaN,7,7,NaN,17,17
772,1,1,1,NaN,NaN,1,NaN,NaN
773,6,16,NaN,6,6,NaN,16,16
774,6,13,NaN,6,6,NaN,13,13
775,3,12,NaN,3,3,NaN,12,12
776,NaN,NaN,NaN,NaN,NaN,NaN,NaN,NaN
777,1,1,1,NaN,NaN,1,NaN,NaN
778,7,17,NaN,7,7,NaN,17,17
780,NaN,NaN,NaN,NaN,NaN,NaN,NaN,NaN
781,7,16,NaN,7,7,NaN,16,16
782,3,6,NaN,3,3,NaN,6,6
784,6,12,NaN,6,6,NaN,12,12
787,NaN,NaN,NaN,NaN,NaN,NaN,NaN,NaN
790,1,1,1,NaN,NaN,1,NaN,NaN
791,3,6,NaN,3,3,NaN,6,6
796,4,7,NaN,4,NaN,NaN,7,NaN
798,2,3,2,NaN,NaN,3,NaN,NaN
799,2,3,2,NaN,NaN,3,NaN,NaN
802,7,16,NaN,7,7,NaN,16,16
804,5,17,NaN,5,NaN,NaN,17,17
805,7,16,NaN,7,7,NaN,16,16
807,6,12,NaN,6,6,NaN,12,12
808,NaN,NaN,NaN,NaN,NaN,NaN,NaN,NaN
809,NaN,NaN,NaN,NaN,NaN,NaN,NaN,NaN
812,2,14,2,NaN,NaN,14,NaN,NaN
813,NaN,NaN,NaN,NaN,NaN,NaN,NaN,NaN
814,NaN,NaN,NaN,NaN,NaN,NaN,NaN,NaN
815,3,12,NaN,3,3,NaN,12,12
818,7,17,NaN,7,7,NaN,17,17
819,NaN,NaN,NaN,NaN,NaN,NaN,NaN,NaN
820,NaN,NaN,NaN,NaN,NaN,NaN,NaN,NaN
821,7,8,NaN,7,7,NaN,8,NaN
822,7,17,NaN,7,7,NaN,17,17
823,1,2,1,NaN,NaN,2,NaN,NaN
826,6,12,NaN,6,6,NaN,12,12
827,7,16,NaN,7,7,NaN,16,16
828,NaN,NaN,NaN,NaN,NaN,NaN,NaN,NaN
830,4,7,NaN,4,NaN,NaN,7,NaN
831,4,7,NaN,4,NaN,NaN,7,NaN
834,NaN,NaN,NaN,NaN,NaN,NaN,NaN,NaN
835,NaN,NaN,NaN,NaN,NaN,NaN,NaN,NaN
836,2,3,2,NaN,NaN,3,NaN,NaN
837,1,1,1,NaN,NaN,1,NaN,NaN
839,2,6,2,NaN,NaN,NaN,6,6
841,3,5,NaN,3,3,NaN,5,5
842,3,5,NaN,3,3,NaN,5,5
844,7,17,NaN,7,7,NaN,17,17
848,NaN,NaN,NaN,NaN,NaN,NaN,NaN,NaN
850,7,16,NaN,7,7,NaN,16,16
851,7,16,NaN,7,7,NaN,16,16
852,6,13,NaN,6,6,NaN,13,13
853,4,7,NaN,4,NaN,NaN,7,NaN
855,6,13,NaN,6,6,NaN,13,13
856,NaN,NaN,NaN,NaN,NaN,NaN,NaN,NaN
860,7,17,NaN,7,7,NaN,17,17
861,2,4,2,NaN,NaN,4,NaN,NaN
863,1,1,1,NaN,NaN,1,NaN,NaN
864,1,2,1,NaN,NaN,2,NaN,NaN
865,6,12,NaN,6,6,NaN,12,12
867,NaN,NaN,NaN,NaN,NaN,NaN,NaN,NaN
868,7,16,NaN,7,7,NaN,16,16
871,6,12,NaN,6,6,NaN,12,12
872,4,7,NaN,4,NaN,NaN,7,NaN
873,4,8,NaN,4,NaN,NaN,8,NaN
877,7,17,NaN,7,7,NaN,17,17
880,3,5,NaN,3,3,NaN,5,5
881,1,5,1,NaN,NaN,NaN,5,5
884,7,8,NaN,7,7,NaN,8,NaN
885,7,17,NaN,7,7,NaN,17,17
887,NaN,NaN,NaN,NaN,NaN,NaN,NaN,NaN
889,7,16,NaN,7,7,NaN,16,16
890,2,4,2,NaN,NaN,4,NaN,NaN
896,6,8,NaN,6,6,NaN,8,NaN
897,1,1,1,NaN,NaN,1,NaN,NaN
898,NaN,NaN,NaN,NaN,NaN,NaN,NaN,NaN
899,7,16,NaN,7,7,NaN,16,16
901,2,4,2,NaN,NaN,4,NaN,NaN
902,2,3,2,NaN,NaN,3,NaN,NaN
903,NaN,NaN,NaN,NaN,NaN,NaN,NaN,NaN
904,NaN,NaN,NaN,NaN,NaN,NaN,NaN,NaN
905,3,6,NaN,3,3,NaN,6,6
907,1,2,1,NaN,NaN,2,NaN,NaN
910,7,16,NaN,7,7,NaN,16,16
913,1,1,1,NaN,NaN,1,NaN,NaN
914,3,5,NaN,3,3,NaN,5,5
915,1,2,1,NaN,NaN,2,NaN,NaN
916,NaN,NaN,NaN,NaN,NaN,NaN,NaN,NaN
917,4,8,NaN,4,NaN,NaN,8,NaN
918,1,2,1,NaN,NaN,2,NaN,NaN
919,6,13,NaN,6,6,NaN,13,13
920,3,12,NaN,3,3,NaN,12,12
921,7,17,NaN,7,7,NaN,17,17
922,1,2,1,NaN,NaN,2,NaN,NaN
923,7,16,NaN,7,7,NaN,16,16
924,NaN,NaN,NaN,NaN,NaN,NaN,NaN,NaN
925,5,9,NaN,5,NaN,NaN,9,NaN
926,2,6,2,NaN,NaN,NaN,6,6
927,NaN,NaN,NaN,NaN,NaN,NaN,NaN,NaN
928,1,1,1,NaN,NaN,1,NaN,NaN
929,2,14,2,NaN,NaN,14,NaN,NaN
930,5,9,NaN,5,NaN,NaN,9,NaN
931,2,3,2,NaN,NaN,3,NaN,NaN
932,4,7,NaN,4,NaN,NaN,7,NaN
933,2,3,2,NaN,NaN,3,NaN,NaN
934,1,1,1,NaN,NaN,1,NaN,NaN
935,7,16,NaN,7,7,NaN,16,16
937,2,4,2,NaN,NaN,4,NaN,NaN
938,NaN,NaN,NaN,NaN,NaN,NaN,NaN,NaN
939,6,12,NaN,6,6,NaN,12,12
940,1,2,1,NaN,NaN,2,NaN,NaN
941,6,13,NaN,6,6,NaN,13,13
942,1,2,1,NaN,NaN,2,NaN,NaN
943,2,4,2,NaN,NaN,4,NaN,NaN
945,4,8,NaN,4,NaN,NaN,8,NaN
946,NaN,NaN,NaN,NaN,NaN,NaN,NaN,NaN
947,6,13,NaN,6,6,NaN,13,13
948,5,9,NaN,5,NaN,NaN,9,NaN
949,7,17,NaN,7,7,NaN,17,17
950,7,17,NaN,7,7,NaN,17,17
